{"stat.flyOneCm":24858,"stat.killEntity.Skeleton":2,"stat.mineBlock.16":1,"stat.deaths":3,"stat.mineBlock.15":5,"stat.walkOneCm":26741,"stat.killEntity.PigZombie":5,"stat.drop":36,"stat.jump":98,"stat.playOneMinute":3641,"achievement.openInventory":3,"stat.fallOneCm":7669,"stat.damageTaken":11080,"stat.mineBlock.4":2,"stat.damageDealt":3150,"stat.mineBlock.3":14,"stat.mineBlock.1":184,"stat.mineBlock.50":1,"stat.mobKills":7,"achievement.exploreAllBiomes":{"value":0,"progress":["Plains"]},"stat.entityKilledBy.Creeper":1,"stat.diveOneCm":223}